{"frameRate":24,"name":"cowboy","armature":[{"bone":[{"transform":{"scY":0.36,"skX":2.74,"x":-5.31,"skY":2.74,"scX":0.36,"y":-38.21},"name":"ikNode_2","parent":"ikNode_1"},{"transform":{"scY":0.36,"skX":-4.21,"x":10.73,"skY":-4.21,"scX":0.36,"y":-34.52},"name":"ikNode_3","parent":"ikNode_1"},{"transform":{"scY":0.36,"skX":2.19,"x":9.23,"skY":2.19,"scX":0.36,"y":-2.22},"name":"ikNode_9","parent":"ikNode_8"},{"transform":{"scY":0.36,"skX":2.19,"x":3.56,"skY":2.19,"scX":0.36,"y":-19.3},"name":"ikNode_8","parent":"ikNode_1"},{"transform":{"scY":0.36,"skX":0,"x":0.21,"skY":0,"scX":0.36,"y":-30.02},"name":"ikNode_1"},{"transform":{"scY":0.36,"skX":-9.46,"x":-3.85,"skY":-9.46,"scX":0.36,"y":-1.65},"name":"ikNode_7","parent":"ikNode_6"},{"transform":{"scY":0.36,"skX":-9.46,"x":-2.59,"skY":-9.46,"scX":0.36,"y":-20.05},"name":"ikNode_6","parent":"ikNode_1"},{"transform":{"scY":0.36,"skX":-101.45,"x":-16.77,"skY":-101.45,"scX":0.36,"y":-24.75},"name":"ikNode_5","parent":"ikNode_4"},{"transform":{"scY":0.36,"skX":12.86,"x":-7.5,"skY":12.86,"scX":0.36,"y":-29.54},"name":"ikNode_4","parent":"ikNode_1"}],"name":"cowboy","animation":[{"name":"idle","scale":5,"fadeInTime":0.3,"duration":10,"timeline":[{"name":"ikNode_4","scale":1,"frame":[{"z":0,"transform":{"pY":0,"x":-7.5,"scX":0.36,"y":-29.54,"pX":0,"scY":0.36,"skX":12.86,"skY":12.86},"tweenEasing":0,"duration":5},{"z":0,"transform":{"pY":0,"x":-7.5,"scX":0.36,"y":-29.04,"pX":0.01,"scY":0.36,"skX":12.86,"skY":12.86},"tweenEasing":0,"duration":4},{"transform":{"pY":0,"x":-7.5,"scX":0.36,"y":-29.54,"pX":0,"scY":0.36,"skX":12.86,"skY":12.86},"z":0,"duration":1}],"offset":0},{"name":"ikNode_5","scale":1,"frame":[{"z":1,"transform":{"pY":0,"x":-16.77,"scX":0.36,"y":-24.75,"pX":0,"scY":0.36,"skX":-101.45,"skY":-101.45},"tweenEasing":0,"duration":5},{"z":1,"transform":{"pY":0.03,"x":-16.77,"scX":0.36,"y":-24.75,"pX":-0.01,"scY":0.36,"skX":-99.23,"skY":-99.23},"tweenEasing":0,"duration":4},{"z":1,"transform":{"pY":0,"x":-16.77,"scX":0.36,"y":-24.75,"pX":0,"scY":0.36,"skX":-101.45,"skY":-101.45},"tweenEasing":0,"duration":1}],"offset":0},{"name":"ikNode_6","scale":1,"frame":[{"z":2,"transform":{"pY":0,"x":-2.59,"scX":0.36,"y":-20.05,"pX":0,"scY":0.36,"skX":-9.46,"skY":-9.46},"tweenEasing":0,"duration":5},{"z":2,"transform":{"pY":0,"x":-2.59,"scX":0.36,"y":-19.25,"pX":-0.01,"scY":0.35,"skX":-9.93,"skY":-9.01},"tweenEasing":0,"duration":4},{"transform":{"pY":0,"x":-2.59,"scX":0.36,"y":-20.05,"pX":0,"scY":0.36,"skX":-9.46,"skY":-9.46},"z":2,"duration":1}],"offset":0},{"name":"ikNode_7","scale":1,"frame":[{"transform":{"pY":0,"x":-3.85,"scX":0.36,"y":-1.65,"pX":0,"scY":0.36,"skX":-9.46,"skY":-9.46},"z":3,"duration":5},{"transform":{"pY":0,"x":-3.85,"scX":0.36,"y":-1.65,"pX":0,"scY":0.36,"skX":-9.46,"skY":-9.46},"z":3,"duration":4},{"transform":{"pY":0,"x":-3.85,"scX":0.36,"y":-1.65,"pX":0,"scY":0.36,"skX":-9.46,"skY":-9.46},"z":3,"duration":1}],"offset":0},{"name":"ikNode_1","scale":1,"frame":[{"z":4,"transform":{"pY":0,"x":0.21,"scX":0.36,"y":-30.02,"pX":0,"scY":0.36,"skX":0,"skY":0},"tweenEasing":0,"duration":5},{"z":4,"transform":{"pY":0,"x":0.21,"scX":0.36,"y":-29.52,"pX":0,"scY":0.36,"skX":0,"skY":0},"tweenEasing":0,"duration":4},{"transform":{"pY":0,"x":0.21,"scX":0.36,"y":-30.02,"pX":0,"scY":0.36,"skX":0,"skY":0},"z":4,"duration":1}],"offset":0},{"name":"ikNode_8","scale":1,"frame":[{"z":5,"transform":{"pY":0,"x":3.56,"scX":0.36,"y":-19.3,"pX":0,"scY":0.36,"skX":2.19,"skY":2.19},"tweenEasing":0,"duration":5},{"z":5,"transform":{"pY":0.04,"x":3.56,"scX":0.36,"y":-18.55,"pX":0,"scY":0.34,"skX":2.3,"skY":2.08},"tweenEasing":0,"duration":4},{"transform":{"pY":0,"x":3.56,"scX":0.36,"y":-19.3,"pX":0,"scY":0.36,"skX":2.19,"skY":2.19},"z":5,"duration":1}],"offset":0},{"name":"ikNode_9","scale":1,"frame":[{"transform":{"pY":0,"x":9.23,"scX":0.36,"y":-2.22,"pX":0,"scY":0.36,"skX":2.19,"skY":2.19},"z":6,"duration":5},{"transform":{"pY":0,"x":9.23,"scX":0.36,"y":-2.22,"pX":0,"scY":0.36,"skX":2.19,"skY":2.19},"z":6,"duration":4},{"transform":{"pY":0,"x":9.23,"scX":0.36,"y":-2.22,"pX":0,"scY":0.36,"skX":2.19,"skY":2.19},"z":6,"duration":1}],"offset":0},{"name":"ikNode_3","scale":1,"frame":[{"z":7,"transform":{"pY":0,"x":10.73,"scX":0.36,"y":-34.52,"pX":0,"scY":0.36,"skX":-4.21,"skY":-4.21},"tweenEasing":0,"duration":5},{"z":7,"transform":{"pY":0.01,"x":10.73,"scX":0.36,"y":-34.02,"pX":0.01,"scY":0.36,"skX":-10.21,"skY":-10.21},"tweenEasing":0,"duration":4},{"transform":{"pY":0,"x":10.73,"scX":0.36,"y":-34.52,"pX":0,"scY":0.36,"skX":-4.21,"skY":-4.21},"z":7,"duration":1}],"offset":0},{"name":"ikNode_2","scale":1,"frame":[{"z":8,"transform":{"pY":0,"x":-5.31,"scX":0.36,"y":-38.21,"pX":0,"scY":0.36,"skX":2.74,"skY":2.74},"tweenEasing":0,"duration":5},{"z":8,"transform":{"pY":0.04,"x":-5.31,"scX":0.36,"y":-37.71,"pX":-0.04,"scY":0.36,"skX":4.54,"skY":4.54},"tweenEasing":0,"duration":4},{"transform":{"pY":0,"x":-5.31,"scX":0.36,"y":-38.21,"pX":0,"scY":0.36,"skX":2.74,"skY":2.74},"z":8,"duration":1}],"offset":0}],"loop":1,"tweenEasing":null},{"name":"walk","scale":1,"fadeInTime":0.3,"duration":21,"timeline":[{"name":"ikNode_4","scale":1,"frame":[{"z":0,"transform":{"pY":0.01,"x":-7.5,"scX":0.36,"y":-29.54,"pX":-0.04,"scY":0.36,"skX":-32.14,"skY":-32.14},"tweenEasing":0,"duration":5},{"z":0,"transform":{"pY":0.01,"x":-4,"scX":0.36,"y":-29.54,"pX":-0.06,"scY":0.36,"skX":-77.14,"skY":-77.14},"tweenEasing":0,"duration":5},{"z":0,"transform":{"pY":0.01,"x":-7.5,"scX":0.36,"y":-29.54,"pX":-0.04,"scY":0.36,"skX":-32.14,"skY":-32.14},"tweenEasing":0,"duration":5},{"z":0,"transform":{"pY":0.01,"x":-7.5,"scX":0.36,"y":-29.54,"pX":-0.01,"scY":0.36,"skX":-2.14,"skY":-2.14},"tweenEasing":0,"duration":5},{"transform":{"pY":0.01,"x":-7.5,"scX":0.36,"y":-29.54,"pX":-0.04,"scY":0.36,"skX":-32.14,"skY":-32.14},"z":0,"duration":1}],"offset":0},{"name":"ikNode_5","scale":1,"frame":[{"z":1,"transform":{"pY":0.08,"x":-10.67,"scX":0.36,"y":-19.59,"pX":0,"scY":0.36,"skX":-128.2,"skY":-128.2},"tweenEasing":0,"duration":5},{"z":1,"transform":{"pY":0.09,"x":-1.42,"scX":0.36,"y":-20.89,"pX":0.03,"scY":0.36,"skX":-128.2,"skY":-128.2},"tweenEasing":0,"duration":5},{"z":1,"transform":{"pY":0.08,"x":-10.67,"scX":0.36,"y":-19.59,"pX":0,"scY":0.36,"skX":-128.2,"skY":-128.2},"tweenEasing":0,"duration":5},{"z":1,"transform":{"pY":0.08,"x":-15.61,"scX":0.36,"y":-23.34,"pX":0.01,"scY":0.36,"skX":-92.67,"skY":-92.67},"tweenEasing":0,"duration":5},{"transform":{"pY":0.08,"x":-10.67,"scX":0.36,"y":-19.59,"pX":0,"scY":0.36,"skX":-128.2,"skY":-128.2},"z":1,"duration":1}],"offset":0},{"name":"ikNode_6","scale":1,"frame":[{"z":2,"transform":{"pY":0.03,"x":-2.09,"scX":0.36,"y":-19.8,"pX":-0.04,"scY":0.36,"skX":-54.46,"skY":-54.46},"tweenEasing":0,"duration":5},{"z":2,"transform":{"pY":0.01,"x":-2.09,"scX":0.36,"y":-19.81,"pX":-0.01,"scY":0.36,"skX":-2.47,"skY":-2.47},"tweenEasing":0,"duration":5},{"z":2,"transform":{"pY":0.03,"x":-2.09,"scX":0.36,"y":-19.8,"pX":-0.04,"scY":0.36,"skX":-54.46,"skY":-54.46},"tweenEasing":0,"duration":5},{"z":2,"transform":{"pY":0.03,"x":-2.09,"scX":0.36,"y":-19.8,"pX":-0.04,"scY":0.36,"skX":-54.46,"skY":-54.46},"tweenEasing":0,"duration":5},{"transform":{"pY":0.03,"x":-2.09,"scX":0.36,"y":-19.8,"pX":-0.04,"scY":0.36,"skX":-54.46,"skY":-54.46},"z":2,"duration":1}],"offset":0},{"name":"ikNode_7","scale":1,"frame":[{"z":3,"transform":{"pY":-0.04,"x":9.15,"scX":0.36,"y":-3.9,"pX":-0.04,"scY":0.36,"skX":-39.46,"skY":-39.46},"tweenEasing":0,"duration":5},{"z":3,"transform":{"pY":-0.05,"x":-9.06,"scX":0.36,"y":-1.9,"pX":-0.02,"scY":0.36,"skX":20.54,"skY":20.54},"tweenEasing":0,"duration":5},{"z":3,"transform":{"pY":-0.04,"x":9.15,"scX":0.36,"y":-3.9,"pX":-0.04,"scY":0.36,"skX":-39.46,"skY":-39.46},"tweenEasing":0,"duration":5},{"z":3,"transform":{"pY":-0.04,"x":11.4,"scX":0.36,"y":-6.65,"pX":-0.06,"scY":0.36,"skX":-54.46,"skY":-54.46},"tweenEasing":0,"duration":5},{"transform":{"pY":-0.04,"x":9.15,"scX":0.36,"y":-3.9,"pX":-0.04,"scY":0.36,"skX":-39.46,"skY":-39.46},"z":3,"duration":1}],"offset":0},{"name":"ikNode_1","scale":1,"frame":[{"z":4,"transform":{"pY":0,"x":0.21,"scX":0.36,"y":-30.02,"pX":0,"scY":0.36,"skX":0,"skY":0},"tweenEasing":0,"duration":5},{"z":4,"transform":{"pY":0,"x":0.21,"scX":0.36,"y":-29.52,"pX":0,"scY":0.36,"skX":0,"skY":0},"tweenEasing":0,"duration":5},{"z":4,"transform":{"pY":0,"x":0.21,"scX":0.36,"y":-30.02,"pX":0,"scY":0.36,"skX":0,"skY":0},"tweenEasing":0,"duration":5},{"z":4,"transform":{"pY":0,"x":0.21,"scX":0.36,"y":-29.52,"pX":0,"scY":0.36,"skX":0,"skY":0},"tweenEasing":0,"duration":5},{"transform":{"pY":0,"x":0.21,"scX":0.36,"y":-30.02,"pX":0,"scY":0.36,"skX":0,"skY":0},"z":4,"duration":1}],"offset":0},{"name":"ikNode_8","scale":1,"frame":[{"z":5,"transform":{"pY":0,"x":2.81,"scX":0.36,"y":-18.55,"pX":-0.01,"scY":0.36,"skX":32.18,"skY":32.18},"tweenEasing":0,"duration":5},{"z":5,"transform":{"pY":-0.05,"x":2.81,"scX":0.36,"y":-18.54,"pX":0,"scY":0.36,"skX":-12.81,"skY":-12.81},"tweenEasing":0,"duration":5},{"z":5,"transform":{"pY":0,"x":2.81,"scX":0.36,"y":-18.55,"pX":-0.01,"scY":0.36,"skX":32.18,"skY":32.18},"tweenEasing":0,"duration":5},{"z":5,"transform":{"pY":-0.06,"x":2.66,"scX":0.36,"y":-15.94,"pX":0,"scY":0.36,"skX":77.18,"skY":77.18},"tweenEasing":0,"duration":5},{"transform":{"pY":0,"x":2.81,"scX":0.36,"y":-18.55,"pX":-0.01,"scY":0.36,"skX":32.18,"skY":32.18},"z":5,"duration":1}],"offset":0},{"name":"ikNode_9","scale":1,"frame":[{"z":6,"transform":{"pY":-0.02,"x":3.48,"scX":0.36,"y":-0.47,"pX":-0.01,"scY":0.36,"skX":-6.5,"skY":-6.5},"tweenEasing":0,"duration":5},{"z":6,"transform":{"pY":-0.02,"x":17.56,"scX":0.36,"y":-6.62,"pX":0.01,"scY":0.36,"skX":-51.5,"skY":-51.5},"tweenEasing":0,"duration":5},{"z":6,"transform":{"pY":-0.02,"x":3.48,"scX":0.36,"y":-0.47,"pX":-0.01,"scY":0.36,"skX":-6.5,"skY":-6.5},"tweenEasing":0,"duration":5},{"z":6,"transform":{"pY":0.06,"x":-11.46,"scX":0.36,"y":-2.77,"pX":-0.01,"scY":0.36,"skX":45.3,"skY":45.3},"tweenEasing":0,"duration":5},{"transform":{"pY":-0.02,"x":3.48,"scX":0.36,"y":-0.47,"pX":-0.01,"scY":0.36,"skX":-6.5,"skY":-6.5},"z":6,"duration":1}],"offset":0},{"name":"ikNode_3","scale":1,"frame":[{"z":7,"transform":{"pY":0,"x":10.73,"scX":0.36,"y":-34.52,"pX":0,"scY":0.36,"skX":12.5,"skY":12.5},"tweenEasing":0,"duration":5},{"z":7,"transform":{"pY":0,"x":10.74,"scX":0.36,"y":-34.52,"pX":0.01,"scY":0.36,"skX":42.5,"skY":42.5},"tweenEasing":0,"duration":5},{"z":7,"transform":{"pY":0,"x":10.73,"scX":0.36,"y":-34.52,"pX":0,"scY":0.36,"skX":12.5,"skY":12.5},"tweenEasing":0,"duration":5},{"z":7,"transform":{"pY":0.05,"x":10.73,"scX":0.36,"y":-34.52,"pX":0,"scY":0.36,"skX":-11.48,"skY":-11.48},"tweenEasing":0,"duration":5},{"transform":{"pY":0,"x":10.73,"scX":0.36,"y":-34.52,"pX":0,"scY":0.36,"skX":12.5,"skY":12.5},"z":7,"duration":1}],"offset":0},{"name":"ikNode_2","scale":1,"frame":[{"z":8,"transform":{"pY":0,"x":-5.31,"scX":0.36,"y":-38.21,"pX":0,"scY":0.36,"skX":2.74,"skY":2.74},"tweenEasing":0,"duration":10},{"z":8,"transform":{"pY":0.03,"x":-5.31,"scX":0.36,"y":-37.71,"pX":0,"scY":0.36,"skX":8.69,"skY":8.69},"tweenEasing":0,"duration":10},{"transform":{"pY":0,"x":-5.31,"scX":0.36,"y":-38.21,"pX":0,"scY":0.36,"skX":2.74,"skY":2.74},"z":8,"duration":1}],"offset":0}],"loop":1,"tweenEasing":null},{"name":"attack","scale":1,"fadeInTime":0.3,"frame":[{"duration":8},{"duration":1}],"duration":9,"timeline":[{"name":"ikNode_4","scale":1,"frame":[{"z":0,"transform":{"pY":0,"x":-7.5,"scX":0.36,"y":-29.54,"pX":0,"scY":0.36,"skX":12.86,"skY":12.86},"tweenEasing":0,"duration":4},{"z":0,"transform":{"pY":0.01,"x":-6.52,"scX":0.36,"y":-29.54,"pX":0,"scY":0.36,"skX":14.87,"skY":12.96},"tweenEasing":0,"duration":4},{"z":0,"transform":{"pY":0,"x":-7.5,"scX":0.36,"y":-29.54,"pX":0,"scY":0.36,"skX":12.86,"skY":12.86},"tweenEasing":0,"duration":1}],"offset":0},{"name":"ikNode_5","scale":1,"frame":[{"z":1,"transform":{"pY":0,"x":-16.77,"scX":0.36,"y":-24.75,"pX":0,"scY":0.36,"skX":-101.45,"skY":-101.45},"tweenEasing":0,"duration":4},{"z":1,"transform":{"pY":0.04,"x":-15.99,"scX":0.36,"y":-24.75,"pX":0,"scY":0.36,"skX":-83.75,"skY":-81.67},"tweenEasing":0,"duration":4},{"z":1,"transform":{"pY":0,"x":-16.77,"scX":0.36,"y":-24.75,"pX":0,"scY":0.36,"skX":-101.45,"skY":-101.45},"tweenEasing":0,"duration":1}],"offset":0},{"name":"ikNode_6","scale":1,"frame":[{"z":2,"transform":{"pY":0,"x":-2.59,"scX":0.36,"y":-20.05,"pX":0,"scY":0.36,"skX":-9.46,"skY":-9.46},"tweenEasing":0,"duration":4},{"z":2,"transform":{"pY":0,"x":-1.96,"scX":0.36,"y":-20.05,"pX":-0.02,"scY":0.36,"skX":-7.37,"skY":-9.4},"tweenEasing":0,"duration":4},{"z":2,"transform":{"pY":0,"x":-2.59,"scX":0.36,"y":-20.05,"pX":0,"scY":0.36,"skX":-9.46,"skY":-9.46},"tweenEasing":0,"duration":1}],"offset":0},{"name":"ikNode_7","scale":1,"frame":[{"transform":{"pY":0,"x":-3.85,"scX":0.36,"y":-1.65,"pX":0,"scY":0.36,"skX":-9.46,"skY":-9.46},"z":3,"duration":4},{"transform":{"pY":0,"x":-3.85,"scX":0.36,"y":-1.65,"pX":0,"scY":0.36,"skX":-9.46,"skY":-9.46},"z":3,"duration":4},{"transform":{"pY":0,"x":-3.85,"scX":0.36,"y":-1.65,"pX":0,"scY":0.36,"skX":-9.46,"skY":-9.46},"z":3,"duration":1}],"offset":0},{"name":"ikNode_1","scale":1,"frame":[{"z":4,"transform":{"pY":0,"x":0.21,"scX":0.36,"y":-30.02,"pX":0,"scY":0.36,"skX":0,"skY":0},"tweenEasing":0,"duration":4},{"z":4,"transform":{"pY":0,"x":1.2,"scX":0.36,"y":-30.02,"pX":-0.01,"scY":0.36,"skX":2.13,"skY":0},"tweenEasing":0,"duration":4},{"z":4,"transform":{"pY":0,"x":0.21,"scX":0.36,"y":-30.02,"pX":0,"scY":0.36,"skX":0,"skY":0},"tweenEasing":0,"duration":1}],"offset":0},{"name":"ikNode_8","scale":1,"frame":[{"z":5,"transform":{"pY":0,"x":3.56,"scX":0.36,"y":-19.3,"pX":0,"scY":0.36,"skX":2.19,"skY":2.19},"tweenEasing":0,"duration":4},{"z":5,"transform":{"pY":0.01,"x":4.16,"scX":0.36,"y":-19.3,"pX":-0.04,"scY":0.36,"skX":4.31,"skY":2.19},"tweenEasing":0,"duration":4},{"z":5,"transform":{"pY":0,"x":3.56,"scX":0.36,"y":-19.3,"pX":0,"scY":0.36,"skX":2.19,"skY":2.19},"tweenEasing":0,"duration":1}],"offset":0},{"name":"ikNode_9","scale":1,"frame":[{"transform":{"pY":0,"x":9.23,"scX":0.36,"y":-2.22,"pX":0,"scY":0.36,"skX":2.19,"skY":2.19},"z":6,"duration":4},{"transform":{"pY":0,"x":9.23,"scX":0.36,"y":-2.22,"pX":0,"scY":0.36,"skX":2.19,"skY":2.19},"z":6,"duration":4},{"transform":{"pY":0,"x":9.23,"scX":0.36,"y":-2.22,"pX":0,"scY":0.36,"skX":2.19,"skY":2.19},"z":6,"duration":1}],"offset":0},{"name":"ikNode_3","scale":1,"frame":[{"z":7,"transform":{"pY":0,"x":10.73,"scX":0.36,"y":-34.52,"pX":0,"scY":0.36,"skX":-4.21,"skY":-4.21},"tweenEasing":0,"duration":4},{"z":7,"transform":{"pY":-0.01,"x":11.89,"scX":0.36,"y":-34.52,"pX":-0.02,"scY":0.36,"skX":-2.08,"skY":-4.19},"tweenEasing":0,"duration":4},{"z":7,"transform":{"pY":0,"x":10.73,"scX":0.36,"y":-34.52,"pX":0,"scY":0.36,"skX":-4.21,"skY":-4.21},"tweenEasing":0,"duration":1}],"offset":0},{"name":"ikNode_2","scale":1,"frame":[{"z":8,"transform":{"pY":0,"x":-5.31,"scX":0.36,"y":-38.21,"pX":0,"scY":0.36,"skX":2.74,"skY":2.74},"tweenEasing":0,"duration":4},{"z":8,"transform":{"pY":0.01,"x":-4.01,"scX":0.36,"y":-38.21,"pX":-0.01,"scY":0.36,"skX":4.87,"skY":2.75},"tweenEasing":0,"duration":4},{"z":8,"transform":{"pY":0,"x":-5.31,"scX":0.36,"y":-38.21,"pX":0,"scY":0.36,"skX":2.74,"skY":2.74},"tweenEasing":0,"duration":1}],"offset":0}],"loop":1,"tweenEasing":null}],"skin":[{"slot":[{"name":"ikNode_4","z":0,"display":[{"transform":{"pY":0,"x":-25.55,"scX":1,"y":-12.42,"pX":0,"scY":1,"skX":0,"skY":0},"name":"mc/8","type":"image"}],"parent":"ikNode_4"},{"name":"ikNode_5","z":1,"display":[{"transform":{"pY":0,"x":-31.59,"scX":1,"y":-104.12,"pX":0,"scY":1,"skX":0,"skY":0},"name":"mc/3","type":"image"}],"parent":"ikNode_5"},{"name":"ikNode_6","z":2,"display":[{"transform":{"pY":0,"x":-28.17,"scX":1,"y":-17.24,"pX":0,"scY":1,"skX":0,"skY":0},"name":"mc/5","type":"image"}],"parent":"ikNode_6"},{"name":"ikNode_7","z":3,"display":[{"transform":{"pY":0,"x":-23.75,"scX":1,"y":-14.87,"pX":0,"scY":1,"skX":0,"skY":0},"name":"mc/4","type":"image"}],"parent":"ikNode_7"},{"name":"ikNode_1","z":4,"display":[{"transform":{"pY":0,"x":-35.95,"scX":1,"y":-67.01,"pX":0,"scY":1,"skX":0,"skY":0},"name":"mc/6","type":"image"}],"parent":"ikNode_1"},{"name":"ikNode_8","z":5,"display":[{"transform":{"pY":0,"x":-20.97,"scX":1,"y":-21.27,"pX":0,"scY":1,"skX":0,"skY":0},"name":"mc/2","type":"image"}],"parent":"ikNode_8"},{"name":"ikNode_9","z":6,"display":[{"transform":{"pY":0,"x":-18.51,"scX":1,"y":-13.86,"pX":0,"scY":1,"skX":0,"skY":0},"name":"mc/7","type":"image"}],"parent":"ikNode_9"},{"name":"ikNode_3","z":7,"display":[{"transform":{"pY":0,"x":-10.62,"scX":1,"y":-7.64,"pX":0,"scY":1,"skX":0,"skY":0},"name":"mc/1","type":"image"}],"parent":"ikNode_3"},{"name":"ikNode_2","z":8,"display":[{"transform":{"pY":0,"x":-73.91,"scX":1,"y":-104.67,"pX":0,"scY":1,"skX":0,"skY":0},"name":"mc/9","type":"image"}],"parent":"ikNode_2"}],"name":0}]}],"version":2.3}