{"imagePath":"texture.png","name":"cowboy","SubTexture":[{"name":"mc/9","x":0,"width":113,"y":0,"height":115},{"name":"mc/1","x":179,"width":51,"y":103,"height":80},{"name":"mc/7","x":0,"width":37,"y":182,"height":28},{"name":"mc/2","x":0,"width":47,"y":117,"height":63},{"name":"mc/6","x":115,"width":119,"y":0,"height":101},{"name":"mc/4","x":179,"width":36,"y":185,"height":28},{"name":"mc/5","x":49,"width":48,"y":117,"height":59},{"name":"mc/3","x":115,"width":62,"y":103,"height":120},{"name":"mc/8","x":49,"width":34,"y":178,"height":45}]}